{"package": {"All_Weights": {"Bias_Weight": 138.25287042745913, "Categorical_Variables": {}, "Numerical_Variables": {"cache_miss": {"mean": 38986101380.19178, "variance": 6.774987317328459e+18, "weight": -24.65509202748248}, "cpu_cycles": {"mean": 22560353291736.74, "variance": 1.9706656634842064e+24, "weight": 4.963633548187534}, "cpu_instructions": {"mean": 29134722307705.453, "variance": 3.2447554946600996e+24, "weight": 6.071309850161022}}}}, "core": {"All_Weights": {"Bias_Weight": 0.0, "Categorical_Variables": {}, "Numerical_Variables": {"cache_miss": {"mean": 38986101380.19178, "variance": 6.774987317328459e+18, "weight": 0.0}, "cpu_cycles": {"mean": 22560353291736.74, "variance": 1.9706656634842064e+24, "weight": 0.0}, "cpu_instructions": {"mean": 29134722307705.453, "variance": 3.2447554946600996e+24, "weight": 0.0}}}}, "uncore": {"All_Weights": {"Bias_Weight": 0.0, "Categorical_Variables": {}, "Numerical_Variables": {"cache_miss": {"mean": 38986101380.19178, "variance": 6.774987317328459e+18, "weight": 0.0}, "cpu_cycles": {"mean": 22560353291736.74, "variance": 1.9706656634842064e+24, "weight": 0.0}, "cpu_instructions": {"mean": 29134722307705.453, "variance": 3.2447554946600996e+24, "weight": 0.0}}}}, "dram": {"All_Weights": {"Bias_Weight": 2.0542186081847076, "Categorical_Variables": {}, "Numerical_Variables": {"cache_miss": {"mean": 38986101380.19178, "variance": 6.774987317328459e+18, "weight": -0.5793782774526087}, "cpu_cycles": {"mean": 22560353291736.74, "variance": 1.9706656634842064e+24, "weight": -0.07293752729457989}, "cpu_instructions": {"mean": 29134722307705.453, "variance": 3.2447554946600996e+24, "weight": -0.04530374779664872}}}}}