{"package": {"All_Weights": {"Bias_Weight": 1202039089.6500902, "Categorical_Variables": {}, "Numerical_Variables": {"kubelet_cpu_usage": {"mean": 2733468.2465753425, "variance": 30794.761118408715, "weight": 29043826333.193634}, "kubelet_memory_bytes": {"mean": 8001699840.0, "variance": 1.0026199257290444e+16, "weight": 16884452230.439198}}}}, "core": {"All_Weights": {"Bias_Weight": 0.0, "Categorical_Variables": {}, "Numerical_Variables": {"kubelet_cpu_usage": {"mean": 2733468.2465753425, "variance": 30794.761118408715, "weight": 0.0}, "kubelet_memory_bytes": {"mean": 8001699840.0, "variance": 1.0026199257290444e+16, "weight": 0.0}}}}, "uncore": {"All_Weights": {"Bias_Weight": 0.0, "Categorical_Variables": {}, "Numerical_Variables": {"kubelet_cpu_usage": {"mean": 2733468.2465753425, "variance": 30794.761118408715, "weight": 0.0}, "kubelet_memory_bytes": {"mean": 8001699840.0, "variance": 1.0026199257290444e+16, "weight": 0.0}}}}, "dram": {"All_Weights": {"Bias_Weight": -14726223939.920706, "Categorical_Variables": {}, "Numerical_Variables": {"kubelet_cpu_usage": {"mean": 2733468.2465753425, "variance": 30794.761118408715, "weight": 45264814491.31213}, "kubelet_memory_bytes": {"mean": 8001699840.0, "variance": 1.0026199257290444e+16, "weight": -19067021842.062775}}}}}