{"package": {"All_Weights": {"Bias_Weight": 181.62423269582996, "Categorical_Variables": {}, "Numerical_Variables": {"cgroupfs_cpu_usage_us": {"mean": 4931324419030.809, "variance": 2.834747945161458e+25, "weight": 2.6394778749594545}, "cgroupfs_memory_usage_bytes": {"mean": 12686865057.31507, "variance": 3.21006336829965e+19, "weight": -8.756056025019282}, "cgroupfs_system_cpu_usage_us": {"mean": 1169332316499.1096, "variance": 4.0267267776377936e+23, "weight": -7.652290510711357}, "cgroupfs_user_cpu_usage_us": {"mean": 3703100694782.7124, "variance": 2.0889946274784563e+25, "weight": 2.5706452071830483}}}}, "core": {"All_Weights": {"Bias_Weight": 0.0, "Categorical_Variables": {}, "Numerical_Variables": {"cgroupfs_cpu_usage_us": {"mean": 4931324419030.809, "variance": 2.834747945161458e+25, "weight": 0.0}, "cgroupfs_memory_usage_bytes": {"mean": 12686865057.31507, "variance": 3.21006336829965e+19, "weight": 0.0}, "cgroupfs_system_cpu_usage_us": {"mean": 1169332316499.1096, "variance": 4.0267267776377936e+23, "weight": 0.0}, "cgroupfs_user_cpu_usage_us": {"mean": 3703100694782.7124, "variance": 2.0889946274784563e+25, "weight": 0.0}}}}, "uncore": {"All_Weights": {"Bias_Weight": 0.0, "Categorical_Variables": {}, "Numerical_Variables": {"cgroupfs_cpu_usage_us": {"mean": 4931324419030.809, "variance": 2.834747945161458e+25, "weight": 0.0}, "cgroupfs_memory_usage_bytes": {"mean": 12686865057.31507, "variance": 3.21006336829965e+19, "weight": 0.0}, "cgroupfs_system_cpu_usage_us": {"mean": 1169332316499.1096, "variance": 4.0267267776377936e+23, "weight": 0.0}, "cgroupfs_user_cpu_usage_us": {"mean": 3703100694782.7124, "variance": 2.0889946274784563e+25, "weight": 0.0}}}}, "dram": {"All_Weights": {"Bias_Weight": 3.6218218553404795, "Categorical_Variables": {}, "Numerical_Variables": {"cgroupfs_cpu_usage_us": {"mean": 4931324419030.809, "variance": 2.834747945161458e+25, "weight": 0.08790272067131698}, "cgroupfs_memory_usage_bytes": {"mean": 12686865057.31507, "variance": 3.21006336829965e+19, "weight": -0.17705155168736467}, "cgroupfs_system_cpu_usage_us": {"mean": 1169332316499.1096, "variance": 4.0267267776377936e+23, "weight": -0.15000634925456896}, "cgroupfs_user_cpu_usage_us": {"mean": 3703100694782.7124, "variance": 2.0889946274784563e+25, "weight": 0.08727577084802897}}}}}