{"package": {"All_Weights": {"Bias_Weight": -304729911.62280315, "Categorical_Variables": {}, "Numerical_Variables": {"cache_miss": {"mean": 38986101380.19178, "variance": 6.774987317328459e+18, "weight": -226988604.70100236}, "cpu_cycles": {"mean": 22560353291736.74, "variance": 1.9706656634842064e+24, "weight": 79680850.5567755}, "cpu_instructions": {"mean": 29134722307705.453, "variance": 3.2447554946600996e+24, "weight": 112238101.3509436}}}}, "core": {"All_Weights": {"Bias_Weight": 0.0, "Categorical_Variables": {}, "Numerical_Variables": {"cache_miss": {"mean": 38986101380.19178, "variance": 6.774987317328459e+18, "weight": 0.0}, "cpu_cycles": {"mean": 22560353291736.74, "variance": 1.9706656634842064e+24, "weight": 0.0}, "cpu_instructions": {"mean": 29134722307705.453, "variance": 3.2447554946600996e+24, "weight": 0.0}}}}, "uncore": {"All_Weights": {"Bias_Weight": 0.0, "Categorical_Variables": {}, "Numerical_Variables": {"cache_miss": {"mean": 38986101380.19178, "variance": 6.774987317328459e+18, "weight": 0.0}, "cpu_cycles": {"mean": 22560353291736.74, "variance": 1.9706656634842064e+24, "weight": 0.0}, "cpu_instructions": {"mean": 29134722307705.453, "variance": 3.2447554946600996e+24, "weight": 0.0}}}}, "dram": {"All_Weights": {"Bias_Weight": 274082043.8898367, "Categorical_Variables": {}, "Numerical_Variables": {"cache_miss": {"mean": 38986101380.19178, "variance": 6.774987317328459e+18, "weight": 203058751.57590598}, "cpu_cycles": {"mean": 22560353291736.74, "variance": 1.9706656634842064e+24, "weight": -84961411.22081001}, "cpu_instructions": {"mean": 29134722307705.453, "variance": 3.2447554946600996e+24, "weight": -86667485.1829001}}}}}