{"package": {"All_Weights": {"Bias_Weight": 1134180366.802697, "Categorical_Variables": {}, "Numerical_Variables": {"bpf_block_irq": {"mean": 417387.3287671233, "variance": 699103688.0015013, "weight": 488149.49193334876}, "bpf_cpu_time_us": {"mean": 137650220.50684932, "variance": 64906989337960.34, "weight": -329377053.3254548}, "bpf_net_rx_irq": {"mean": 1952789.7123287672, "variance": 3982500005.7939577, "weight": 13954939.309104472}, "bpf_net_tx_irq": {"mean": 5289.671232876713, "variance": 111309.9741039595, "weight": 398797690.1413045}}}}, "core": {"All_Weights": {"Bias_Weight": 0.0, "Categorical_Variables": {}, "Numerical_Variables": {"bpf_block_irq": {"mean": 417387.3287671233, "variance": 699103688.0015013, "weight": 0.0}, "bpf_cpu_time_us": {"mean": 137650220.50684932, "variance": 64906989337960.34, "weight": 0.0}, "bpf_net_rx_irq": {"mean": 1952789.7123287672, "variance": 3982500005.7939577, "weight": 0.0}, "bpf_net_tx_irq": {"mean": 5289.671232876713, "variance": 111309.9741039595, "weight": 0.0}}}}, "uncore": {"All_Weights": {"Bias_Weight": 0.0, "Categorical_Variables": {}, "Numerical_Variables": {"bpf_block_irq": {"mean": 417387.3287671233, "variance": 699103688.0015013, "weight": 0.0}, "bpf_cpu_time_us": {"mean": 137650220.50684932, "variance": 64906989337960.34, "weight": 0.0}, "bpf_net_rx_irq": {"mean": 1952789.7123287672, "variance": 3982500005.7939577, "weight": 0.0}, "bpf_net_tx_irq": {"mean": 5289.671232876713, "variance": 111309.9741039595, "weight": 0.0}}}}, "dram": {"All_Weights": {"Bias_Weight": 2170364258.6915765, "Categorical_Variables": {}, "Numerical_Variables": {"bpf_block_irq": {"mean": 417387.3287671233, "variance": 699103688.0015013, "weight": 4018368.7480025156}, "bpf_cpu_time_us": {"mean": 137650220.50684932, "variance": 64906989337960.34, "weight": -231709727.60326955}, "bpf_net_rx_irq": {"mean": 1952789.7123287672, "variance": 3982500005.7939577, "weight": 54836770.90516899}, "bpf_net_tx_irq": {"mean": 5289.671232876713, "variance": 111309.9741039595, "weight": 276573840.15166}}}}}