{"package": {"All_Weights": {"Bias_Weight": -26296159992.303192, "Categorical_Variables": {}, "Numerical_Variables": {"kubelet_cpu_usage": {"mean": 2733468.2465753425, "variance": 30794.761118408715, "weight": -928781732301.9397}, "kubelet_memory_bytes": {"mean": 8001699840.0, "variance": 1.0026199257290444e+16, "weight": 2459190799258.959}}}}, "core": {"All_Weights": {"Bias_Weight": 0.0, "Categorical_Variables": {}, "Numerical_Variables": {"kubelet_cpu_usage": {"mean": 2733468.2465753425, "variance": 30794.761118408715, "weight": 0.0}, "kubelet_memory_bytes": {"mean": 8001699840.0, "variance": 1.0026199257290444e+16, "weight": 0.0}}}}, "uncore": {"All_Weights": {"Bias_Weight": 0.0, "Categorical_Variables": {}, "Numerical_Variables": {"kubelet_cpu_usage": {"mean": 2733468.2465753425, "variance": 30794.761118408715, "weight": 0.0}, "kubelet_memory_bytes": {"mean": 8001699840.0, "variance": 1.0026199257290444e+16, "weight": 0.0}}}}, "dram": {"All_Weights": {"Bias_Weight": 1552988548.9293451, "Categorical_Variables": {}, "Numerical_Variables": {"kubelet_cpu_usage": {"mean": 2733468.2465753425, "variance": 30794.761118408715, "weight": 4491801231076.636}, "kubelet_memory_bytes": {"mean": 8001699840.0, "variance": 1.0026199257290444e+16, "weight": -2041673356133.1394}}}}}