{"package": {"All_Weights": {"Bias_Weight": 6.41082773062482, "Categorical_Variables": {}, "Numerical_Variables": {"cgroupfs_cpu_usage_us": {"mean": 4931324419030.809, "variance": 2.834747945161458e+25, "weight": -3.2357659041987104}, "cgroupfs_memory_usage_bytes": {"mean": 12686865057.31507, "variance": 3.21006336829965e+19, "weight": -4.390201875995997}, "cgroupfs_system_cpu_usage_us": {"mean": 1169332316499.1096, "variance": 4.0267267776377936e+23, "weight": -8.389443356572523}, "cgroupfs_user_cpu_usage_us": {"mean": 3703100694782.7124, "variance": 2.0889946274784563e+25, "weight": -2.3456242126529476}}}}, "core": {"All_Weights": {"Bias_Weight": 0.0, "Categorical_Variables": {}, "Numerical_Variables": {"cgroupfs_cpu_usage_us": {"mean": 4931324419030.809, "variance": 2.834747945161458e+25, "weight": 0.0}, "cgroupfs_memory_usage_bytes": {"mean": 12686865057.31507, "variance": 3.21006336829965e+19, "weight": 0.0}, "cgroupfs_system_cpu_usage_us": {"mean": 1169332316499.1096, "variance": 4.0267267776377936e+23, "weight": 0.0}, "cgroupfs_user_cpu_usage_us": {"mean": 3703100694782.7124, "variance": 2.0889946274784563e+25, "weight": 0.0}}}}, "uncore": {"All_Weights": {"Bias_Weight": 0.0, "Categorical_Variables": {}, "Numerical_Variables": {"cgroupfs_cpu_usage_us": {"mean": 4931324419030.809, "variance": 2.834747945161458e+25, "weight": 0.0}, "cgroupfs_memory_usage_bytes": {"mean": 12686865057.31507, "variance": 3.21006336829965e+19, "weight": 0.0}, "cgroupfs_system_cpu_usage_us": {"mean": 1169332316499.1096, "variance": 4.0267267776377936e+23, "weight": 0.0}, "cgroupfs_user_cpu_usage_us": {"mean": 3703100694782.7124, "variance": 2.0889946274784563e+25, "weight": 0.0}}}}, "dram": {"All_Weights": {"Bias_Weight": 0.07026750313232412, "Categorical_Variables": {}, "Numerical_Variables": {"cgroupfs_cpu_usage_us": {"mean": 4931324419030.809, "variance": 2.834747945161458e+25, "weight": -0.0331261836513239}, "cgroupfs_memory_usage_bytes": {"mean": 12686865057.31507, "variance": 3.21006336829965e+19, "weight": -0.08194098650042604}, "cgroupfs_system_cpu_usage_us": {"mean": 1169332316499.1096, "variance": 4.0267267776377936e+23, "weight": -0.08850261175238429}, "cgroupfs_user_cpu_usage_us": {"mean": 3703100694782.7124, "variance": 2.0889946274784563e+25, "weight": -0.02454254301967004}}}}}